ID,Sequence,Alzheimers_Positive,Huntingtons_Positive,Sickle_Cell_Positive,Alzheimers_Prediction,Huntingtons_Prediction,Sickle_Cell_Prediction
1,AAATGAGGACTTCATATGCA,False,False,False,False,False,False
2,CGTTGGCTAGGCTAGGTCA,True,True,False,False,True,False
3,CTCGCTGCAGTGCAGGCAAC,False,False,True,False,False,True
4,TCCCCGCTAGGCTAGGCTC,True,True,False,False,True,False
5,ATATGGCTAGGCTAGTCGCT,False,True,False,False,True,False
6,GAACGAGTCAACGAATTAAT,False,False,False,False,False,False
7,TTCAGTGCAGTGCAGCATT,True,False,True,False,False,True
8,ATGAATGCAGTGCAGTAACG,False,False,True,False,False,True
9,CCTTCGTTATTAGTAGGTAG,False,False,False,False,False,False
10,TACTTGCTAGGCTAGACGG,True,True,False,False,True,False
11,GCGTGGCTAGGCTAGATTA,True,True,False,False,True,False
12,GGCGATGCAGTGCAGATCTG,False,False,True,False,False,True
13,CTGGCTGCAGTGCAGTCAAG,False,True,True,False,False,True
14,TCAAGTGCAGTGCAGGGAA,True,False,True,False,False,True
15,GGCATGAAGTTTGTGCCGGG,False,False,False,False,False,False
16,GTATTGCTAGGCTAGGTAC,True,True,False,False,True,False
17,ACTTGGCTAGGCTAGGGGCG,False,True,False,False,True,False
18,ACATCTGCAGTGCAGTGTA,True,True,True,False,False,True
19,ATCTCTGCAGTGCAGTTTCT,False,True,True,False,False,True
20,ACCATTGCAGTGCAGGGAA,True,False,True,False,False,True
21,GTAGGATGCAGTCAAGTCT,True,False,False,True,False,False
22,AGAGCGCTAGGCTAGCTGC,True,True,False,False,True,False
23,TCATGGCTAGGCTAGGGCGG,False,True,False,False,True,False
24,TCCCTTGCAGTGCAGGGGT,True,False,True,False,False,True
25,CAGGGATGCAGTCAAAAAA,True,False,False,True,False,False
26,TCACTATGCAGTCAAGTCG,True,False,False,True,False,False
27,CATATTGCAGTGCAGTGAGG,False,True,True,False,False,True
28,TTGTAATGCAGTCATTCCT,True,False,False,True,False,False
29,ATCGTTGCAGTGCAGGTAA,True,False,True,False,False,True
30,GCTAAGCTAGGCTAGCAAA,True,True,False,False,True,False
31,CTAATGCTAGGCTAGCTCAC,False,True,False,False,True,False
32,TATTCGCTAGGCTAGTATCT,False,True,False,False,True,False
33,ATGGTTGCAGTGCAGCACTT,False,True,True,False,False,True
34,TATACTGCAGTGCAGTTAT,True,True,True,False,False,True
35,AGGCCTGCAGTGCAGACAAA,False,True,True,False,False,True
36,CGAAAATGCAGTCAGTCGC,True,False,False,True,False,False
37,TACCTTGCAGTGCAGTCGGG,False,False,True,False,False,True
38,AAGAGTGCAGTGCAGGATC,True,True,True,False,False,True
39,GTAACATGCAGTCAGCTTG,True,False,False,True,False,False
40,GATGCGCTAGGCTAGAGCC,True,True,False,False,True,False
41,TAATAGCTAGGCTAGGGGG,True,True,False,False,True,False
42,GAAAAATGCAGTCATCTTC,True,False,False,True,False,False
43,TCGGAGCTAGGCTAGGCTGG,False,True,False,False,True,False
44,AAGAAGCTAGGCTAGTGTTA,False,True,False,False,True,False
45,CAAAGGCTAGGCTAGCAGAC,False,True,False,False,True,False
46,TGCTGGCTAGGCTAGTATG,True,True,False,False,True,False
47,CTAACGCTAGGCTAGAGTCT,False,True,False,False,True,False
48,CGACCGCTAGGCTAGCCTC,True,True,False,False,True,False
49,ATCTCTGCAGTGCAGTGACC,False,True,True,False,False,True
50,GGGCGTGCAGTGCAGGCGG,True,False,True,False,False,True
